<?xml version="1.0" encoding="UTF-8" standalone="no" ?>
<ProductCatalog>
<HeadphoneCatalog>
    <headphone id="042" retailer="Beats">
        <productname>Beats 1</productname>
        <condition>New</condition>
        <price>199</price>
		<producttype>Headphones</producttype>
		<image>earphones.jpg</image>
		<discount>10</discount>
		<rebate>yes</rebate>
		<sale>yes</sale>
		<quantity>10</quantity>
    </headphone>
	<headphone id="043" retailer="Beats">
        <productname>Beats 2</productname>
        <condition>New</condition>
        <price>299</price>
		<producttype>Headphones</producttype>
		<image>earphones.jpg</image>
		<discount>10</discount>
		<rebate>yes</rebate>
		<sale>yes</sale>
		<quantity>10</quantity>
    </headphone>
	<headphone id="044" retailer="Beats">
        <productname>Beats 3</productname>
        <condition>New</condition>
        <price>399</price>
		<producttype>Headphones</producttype>
		<image>earphones.jpg</image>
		<discount>10</discount>
		<rebate>yes</rebate>
		<sale>yes</sale>
		<quantity>10</quantity>
    </headphone>
	<headphone id="045" retailer="Beats">
        <productname>Beats 4</productname>
        <condition>New</condition>
        <price>429</price>
		<producttype>Headphones</producttype>
		<image>earphones.jpg</image>
		<discount>10</discount>
		<rebate>yes</rebate>
		<sale>yes</sale>
		<quantity>10</quantity>
    </headphone>
	<headphone id="046" retailer="Beats">
        <productname>Beats 5</productname>
        <condition>New</condition>
        <price>599</price>
		<producttype>Headphones</producttype>
		<image>earphones.jpg</image>
		<discount>10</discount>
		<rebate>yes</rebate>
		<sale>yes</sale>
		<quantity>10</quantity>
    </headphone>
	<headphone id="047" retailer="SkullCandy">
        <productname>SkullCandy 1</productname>
        <condition>New</condition>
        <price>799</price>
		<producttype>Headphones</producttype>
		<image>earphones.jpg</image>
		<discount>10</discount>
		<rebate>no</rebate>
		<sale>no</sale>
		<quantity>8</quantity>
    </headphone>
	<headphone id="048" retailer="SkullCandy">
        <productname>SkullCandy 2</productname>
        <condition>New</condition>
        <price>899</price>
		<producttype>Headphones</producttype>
		<image>earphones.jpg</image>
		<discount>10</discount>
		<rebate>no</rebate>
		<sale>no</sale>
		<quantity>8</quantity>
    </headphone>
	<headphone id="049" retailer="SkullCandy">
        <productname>SkullCandy 3</productname>
        <condition>New</condition>
        <price>999</price>
		<producttype>Headphones</producttype>
		<image>earphones.jpg</image>
		<discount>10</discount>
		<rebate>no</rebate>
		<sale>no</sale>
		<quantity>8</quantity>
    </headphone>
	<headphone id="050" retailer="SkullCandy">
        <productname>BOSE 67</productname>
        <condition>New</condition>
        <price>1099</price>
		<producttype>Headphones</producttype>
		<image>earphones.jpg</image>
		<discount>10</discount>
		<rebate>no</rebate>
		<sale>no</sale>
		<quantity>8</quantity>
    </headphone>
	<headphone id="051" retailer="SkullCandy">
        <productname>SkullCandy 5</productname>
        <condition>New</condition>
        <price>1199</price>
		<producttype>Headphones</producttype>
		<image>earphones.jpg</image>
		<discount>10</discount>
		<rebate>no</rebate>
		<sale>no</sale>
		<quantity>8</quantity>
    </headphone>
</HeadphoneCatalog>
<LaptopCatalog>
    <laptop id="052" retailer="Apple">
        <productname>Apple MacBook</productname>
        <condition>New</condition>
        <price>1399</price>
		<producttype>Laptops</producttype>
		<image>laptop1.jpg</image>
		<discount>10</discount>
		<accessories>
			<accessory>Apple Mouse</accessory>
			<accessory>Apple Pen</accessory>
			<accessory>Apple Screen Guard</accessory>
			<accessory>Apple Sleeve</accessory>
			<accessory>Apple TV</accessory>
			<accessory>Apple Earpods</accessory>
			<accessory>Apple Extensions</accessory>
		</accessories>
		<rebate>yes</rebate>
		<sale>yes</sale>
		<quantity>15</quantity>
    </laptop>
	<laptop id="053" retailer="Dell">
        <productname>DEll 3000</productname>
        <condition>New</condition>
        <price>1299</price>
		<producttype>Laptops</producttype>
		<image>laptop1.jpg</image>
		<discount>10</discount>
		<accessories>
			<accessory>Dell Mouse</accessory>
			<accessory>Dell Pen</accessory>
			<accessory>Dell Screen Guard</accessory>
			<accessory>Dell Sleeve</accessory>
			<accessory>Dell TV</accessory>
			<accessory>Dell Earpods</accessory>
			<accessory>Dell Extensions</accessory>
		</accessories>
		<rebate>yes</rebate>
		<sale>yes</sale>
		<quantity>15</quantity>
    </laptop>
	<laptop id="054" retailer="Samsung">
        <productname>Samsung 5000</productname>
        <condition>New</condition>
        <price>599</price>
		<producttype>Laptops</producttype>
		<image>laptop1.jpg</image>
		<discount>10</discount>
		<accessories>
		<accessory>Samsung Mouse</accessory>
		<accessory>Samsung Pen</accessory>
		<accessory>Samsung Screen Guard</accessory>
		<accessory>Samsung Sleeve</accessory>
		<accessory>Samsung TV</accessory>
		<accessory>Samsung Earpods</accessory>
		<accessory>Samsung Extensions</accessory>
		</accessories>
		<rebate>yes</rebate>
		<sale>yes</sale>
		<quantity>15</quantity>
    </laptop>
	<laptop id="055" retailer="Asus">
        <productname>Asus 7000</productname>
        <condition>New</condition>
        <price>229</price>
		<producttype>Laptops</producttype>
		<image>laptop1.jpg</image>
		<discount>10</discount>
		<accessories>
		<accessory>Asus Mouse</accessory>
		<accessory>Asus Pen</accessory>
		<accessory>Asus Screen Guard</accessory>
		<accessory>Asus Sleeve</accessory>
		<accessory>Asus TV</accessory>
		<accessory>Asus Earpods</accessory>
		<accessory>Asus Extensions</accessory>
		</accessories>
		<rebate>yes</rebate>
		<sale>yes</sale>
		<quantity>15</quantity>
    </laptop>
	<laptop id="056" retailer="Microsoft">
        <productname>Microsoft 300</productname>
        <condition>New</condition>
        <price>1699</price>
		<producttype>Laptops</producttype>
		<image>laptop1.jpg</image>
		<discount>10</discount>
		<accessories>
		<accessory>Microsoft Mouse</accessory>
		<accessory>Microsoft Pen</accessory>
		<accessory>Microsoft Screen Guard</accessory>
		<accessory>Microsoft Sleeve</accessory>
		<accessory>Microsoft TV</accessory>
		<accessory>Microsoft Earpods</accessory>
		<accessory>Microsoft Extensions</accessory>
		</accessories>
		<rebate>yes</rebate>
		<sale>yes</sale>
		<quantity>15</quantity>
    </laptop>
	<laptop id="057" retailer="Microsoft">
        <productname>Microsoft 500</productname>
        <condition>New</condition>
        <price>2099</price>
		<producttype>Laptops</producttype>
		<image>laptop1.jpg</image>
		<discount>10</discount>
		<accessories>
		<accessory>Microsoft Mouse</accessory>
		<accessory>Microsoft Pen</accessory>
		<accessory>Microsoft Screen Guard</accessory>
		<accessory>Microsoft Sleeve</accessory>
		<accessory>Microsoft TV</accessory>
		<accessory>Microsoft Earpods</accessory>
		<accessory>Microsoft Extensions</accessory>
		</accessories>
		<rebate>yes</rebate>
		<sale>yes</sale>
		<quantity>15</quantity>
    </laptop>
	<laptop id="058" retailer="Dell">
        <productname>Dell 50</productname>
        <condition>New</condition>
        <price>499</price>
		<producttype>Laptops</producttype>
		<image>laptop1.jpg</image>
		<discount>10</discount>
		<accessories>
		<accessory>Dell Mouse</accessory>
		<accessory>Dell Pen</accessory>
		<accessory>Dell Screen Guard</accessory>
		<accessory>Dell Sleeve</accessory>
		<accessory>Dell TV</accessory>
		<accessory>Dell Earpods</accessory>
		<accessory>Dell Extensions</accessory>
		</accessories>
		<rebate>yes</rebate>
		<sale>yes</sale>
		<quantity>15</quantity>
    </laptop>
	<laptop id="059" retailer="HP">
        <productname>HP 1000</productname>
        <condition>New</condition>
        <price>1000</price>
		<producttype>Laptops</producttype>
		<image>laptop1.jpg</image>
		<discount>10</discount>
		<accessories>
		<accessory>HP Mouse</accessory>
		<accessory>HP Pen</accessory>
		<accessory>HP Screen Guard</accessory>
		<accessory>HP Sleeve</accessory>
		<accessory>HP TV</accessory>
		<accessory>HP Earpods</accessory>
		<accessory>HP Extensions</accessory>
		</accessories>
		<rebate>yes</rebate>
		<sale>yes</sale>
		<quantity>15</quantity>
    </laptop>
	<laptop id="060" retailer="HP">
        <productname>HP 2000</productname>
        <condition>New</condition>
        <price>1399</price>
		<producttype>Laptops</producttype>
		<image>laptop1.jpg</image>
		<discount>10</discount>
		<accessories>
		<accessory>HP Mouse</accessory>
		<accessory>HP Pen</accessory>
		<accessory>HP Screen Guard</accessory>
		<accessory>HP Sleeve</accessory>
		<accessory>HP TV</accessory>
		<accessory>HP Earpods</accessory>
		<accessory>HP Extensions</accessory>
		</accessories>
		<rebate>yes</rebate>
		<sale>yes</sale>
		<quantity>15</quantity>
    </laptop>
	<laptop id="061" retailer="HP">
        <productname>HP 4000</productname>
        <condition>New</condition>
        <price>1999</price>
		<producttype>Laptops</producttype>
		<image>laptop1.jpg</image>
		<discount>10</discount>
		<accessories>
		<accessory>HP Mouse</accessory>
		<accessory>HP Pen</accessory>
		<accessory>HP Screen Guard</accessory>
		<accessory>HP Sleeve</accessory>
		<accessory>HP TV</accessory>
		<accessory>HP Earpods</accessory>
		<accessory>HP Extensions</accessory>
		</accessories>
		<rebate>yes</rebate>
		<sale>yes</sale>
		<quantity>15</quantity>
    </laptop>
</LaptopCatalog>


<ExternalStorageCatalog>
    <externalstorage id="062" retailer="Seagate">
        <productname>Seagate 1TB</productname>
        <condition>New</condition>
        <price>199</price>
		<producttype>External-Storage</producttype>
		<image>es1.jpg</image>
		<discount>10</discount>
		<rebate>yes</rebate>
		<sale>yes</sale>
		<quantity>20</quantity>
    </externalstorage>
	<externalstorage id="063" retailer="Seagate">
        <productname>Seagate 2TB</productname>
        <condition>New</condition>
        <price>299</price>
		<producttype>External-Storage</producttype>
		<image>es1.jpg</image>
		<discount>10</discount>
		<rebate>yes</rebate>
		<sale>yes</sale>
		<quantity>20</quantity>
    </externalstorage>
	<externalstorage id="064" retailer="Seagate">
        <productname>Seagate 3TB</productname>
        <condition>New</condition>
        <price>499</price>
		<producttype>External-Storage</producttype>
		<image>es1.jpg</image>
		<discount>10</discount>
		<rebate>yes</rebate>
		<sale>yes</sale>
		<quantity>20</quantity>
    </externalstorage>
	<externalstorage id="065" retailer="Seagate">
        <productname>Seagate 4TB</productname>
        <condition>New</condition>
        <price>599</price>
		<producttype>External-Storage</producttype>
		<image>es1.jpg</image>
		<discount>10</discount>
		<rebate>yes</rebate>
		<sale>yes</sale>
		<quantity>20</quantity>
    </externalstorage>
	<externalstorage id="066" retailer="HP">
        <productname>HP 12GB Flash Drive</productname>
        <condition>New</condition>
        <price>29</price>
		<producttype>External-Storage</producttype>
		<image>es1.jpg</image>
		<discount>10</discount>
		<rebate>yes</rebate>
		<sale>yes</sale>
		<quantity>20</quantity>
    </externalstorage>
	<externalstorage id="067" retailer="HP">
        <productname>HP 16GB Flash Drive</productname>
        <condition>New</condition>
        <price>39</price>
		<producttype>External-Storage</producttype>
		<image>es1.jpg</image>
		<discount>10</discount>
		<rebate>no</rebate>
		<sale>no</sale>
		<quantity>7</quantity>
    </externalstorage>
	<externalstorage id="068" retailer="HP">
        <productname>HP 32GB Flash Drive</productname>
        <condition>New</condition>
        <price>49</price>
		<producttype>External-Storage</producttype>
		<image>es1.jpg</image>
		<discount>10</discount>
		<rebate>no</rebate>
		<sale>no</sale>
		<quantity>7</quantity>
    </externalstorage>
	<externalstorage id="069" retailer="Samsung">
        <productname>SanDisk Ultra Fit 128GB</productname>
        <condition>New</condition>
        <price>19</price>
		<producttype>External-Storage</producttype>
		<image>es1.jpg</image>
		<discount>10</discount>
		<rebate>no</rebate>
		<sale>no</sale>
		<quantity>7</quantity>
    </externalstorage>
	<externalstorage id="070" retailer="Samsung">
        <productname>Samsung Memory Card 16GB</productname>
        <condition>New</condition>
        <price>34</price>
		<producttype>External-Storage</producttype>
		<image>es1.jpg</image>
		<discount>10</discount>
		<rebate>no</rebate>
		<sale>no</sale>
		<quantity>7</quantity>
    </externalstorage>
	<externalstorage id="071" retailer="Samsung">
        <productname>Samsung Memory Card 24GB</productname>
        <condition>New</condition>
        <price>54</price>
		<producttype>External-Storage</producttype>
		<image>es1.jpg</image>
		<discount>10</discount>
		<rebate>no</rebate>
		<sale>no</sale>
		<quantity>7</quantity>
    </externalstorage>
</ExternalStorageCatalog>


<PhoneCatalog>
	<phone id="072" retailer="Apple">
        <productname>iphone 5S</productname>
        <condition>New</condition>
        <price>399</price>
		<producttype>Mobile</producttype>
		<image>mobile1.jpg</image>
		<discount>10</discount>
		<rebate>yes</rebate>
		<sale>yes</sale>
		<quantity>16</quantity>
    </phone>
	<phone id="073" retailer="Apple">
        <productname>iphone 6S</productname>
        <condition>New</condition>
        <price>799</price>
		<producttype>Mobile</producttype>
		<image>mobile1.jpg</image>
		<discount>10</discount>
		<rebate>yes</rebate>
		<sale>yes</sale>
		<quantity>16</quantity>
    </phone>
	<phone id="074" retailer="Apple">
        <productname>iphone 7</productname>
        <condition>New</condition>
        <price>999</price>
		<producttype>Mobile</producttype>
		<image>mobile1.jpg</image>
		<discount>10</discount>
		<rebate>yes</rebate>
		<sale>yes</sale>
		<quantity>16</quantity>
    </phone>
	<phone id="075" retailer="Apple">
        <productname>iphone 8</productname>
        <condition>New</condition>
        <price>999</price>
		<producttype>Mobile</producttype>
		<image>mobile1.jpg</image>
		<discount>10</discount>
		<rebate>yes</rebate>
		<sale>yes</sale>
		<quantity>16</quantity>
    </phone>
	<phone id="076" retailer="Samsung">
        <productname>Samsung S8 </productname>
        <condition>New</condition>
        <price>575</price>
		<producttype>Mobile</producttype>
		<image>mobile1.jpg</image>
		<discount>10</discount>
		<rebate>yes</rebate>
		<sale>yes</sale>
		<quantity>16</quantity>
    </phone>
	<phone id="077" retailer="Samsung">
        <productname>Samsung S7</productname>
        <condition>New</condition>
        <price>475</price>
		<producttype>Mobile</producttype>
		<image>mobile1.jpg</image>
		<discount>10</discount>
		<rebate>yes</rebate>
		<sale>yes</sale>
		<quantity>16</quantity>
    </phone>
	<phone id="078" retailer="Microsoft">
        <productname>Lumia 710</productname>
        <condition>New</condition>
        <price>50</price>
		<producttype>Mobile</producttype>
		<image>mobile1.jpg</image>
		<discount>10</discount>
		<rebate>no</rebate>
		<sale>no</sale>
		<quantity>9</quantity>
    </phone>
	<phone id="079" retailer="Nokia">
        <productname>Nokia X</productname>
        <condition>New</condition>
        <price>399</price>
		<producttype>Mobile</producttype>
		<image>mobile1.jpg</image>
		<discount>10</discount>
		<rebate>no</rebate>
		<sale>no</sale>
		<quantity>9</quantity>
    </phone>
	<phone id="080" retailer="Motorola">
        <productname>Motorola G5</productname>
        <condition>New</condition>
        <price>599</price>
		<producttype>Mobile</producttype>
		<image>mobile1.jpg</image>
		<discount>10</discount>
		<rebate>no</rebate>
		<sale>no</sale>
		<quantity>9</quantity>
    </phone>
	<phone id="081" retailer="Motorola">
        <productname>Motorola G4</productname>
        <condition>New</condition>
        <price>499</price>
		<producttype>Mobile</producttype>
		<image>mobile1.jpg</image>
		<discount>10</discount>
		<rebate>no</rebate>
		<sale>no</sale>
		<quantity>9</quantity>
    </phone>
    
</PhoneCatalog>
<SmartWatchCatalog>
	<smartwatch id="082" retailer="Apple">
        <productname>Apple Series 1</productname>
        <condition>New</condition>
        <price>299</price>
		<producttype>Smart Watch</producttype>
		<image>sw1.jpg</image>
		<discount>10</discount>
		<rebate>no</rebate>
		<sale>no</sale>
		<quantity>9</quantity>
    </smartwatch>
	<smartwatch id="083" retailer="Apple">
        <productname>Apple Series 2</productname>
        <condition>New</condition>
        <price>399</price>
		<producttype>Smart Watch</producttype>
		<image>sw1.jpg</image>
		<discount>10</discount>
		<rebate>no</rebate>
		<sale>no</sale>
		<quantity>9</quantity>
    </smartwatch>
	<smartwatch id="084" retailer="Apple">
        <productname>Apple Series 3</productname>
        <condition>New</condition>
        <price>499</price>
		<producttype>Smart Watch</producttype>
		<image>sw1.jpg</image>
		<discount>10</discount>
		<rebate>no</rebate>
		<sale>no</sale>
		<quantity>9</quantity>
    </smartwatch>
	<smartwatch id="085" retailer="Samsung">
        <productname>Samsung Gear 1</productname>
        <condition>New</condition>
        <price>199</price>
		<producttype>Smart Watch</producttype>
		<image>sw1.jpg</image>
		<discount>10</discount>
		<rebate>no</rebate>
		<sale>no</sale>
		<quantity>9</quantity>
    </smartwatch>
	<smartwatch id="086" retailer="Samsung">
        <productname>Samsung Gear 2</productname>
        <condition>New</condition>
        <price>299</price>
		<producttype>Smart Watch</producttype>
		<image>sw1.jpg</image>
		<discount>10</discount>
		<rebate>no</rebate>
		<sale>no</sale>
		<quantity>9</quantity>
    </smartwatch>
	<smartwatch id="087" retailer="Samsung">
        <productname>Samsung Gear 3</productname>
        <condition>New</condition>
        <price>399</price>
		<producttype>Smart Watch</producttype>
		<image>sw1.jpg</image>
		<discount>10</discount>
		<rebate>no</rebate>
		<sale>no</sale>
		<quantity>9</quantity>
    </smartwatch>
	<smartwatch id="088" retailer="Samsung">
        <productname>Samsung Gear 4</productname>
        <condition>New</condition>
        <price>499</price>
		<producttype>Smart Watch</producttype>
		<image>sw1.jpg</image>
		<discount>10</discount>
		<rebate>yes</rebate>
		<sale>yes</sale>
		<quantity>45</quantity>
    </smartwatch>
	<smartwatch id="089" retailer="Samsung">
        <productname>Samsung Gear 5</productname>
        <condition>New</condition>
        <price>599</price>
		<producttype>Smart Watch</producttype>
		<image>sw1.jpg</image>
		<discount>10</discount>
		<rebate>yes</rebate>
		<sale>yes</sale>
		<quantity>45</quantity>
    </smartwatch>
	<smartwatch id="090" retailer="Motorola">
        <productname>Motorola G1</productname>
        <condition>New</condition>
        <price>199</price>
		<producttype>Smart Watch</producttype>
		<image>sw1.jpg</image>
		<discount>10</discount>
		<rebate>yes</rebate>
		<sale>yes</sale>
		<quantity>45</quantity>
    </smartwatch>
	<smartwatch id="091" retailer="Motorola">
        <productname>Motorola G2</productname>
        <condition>New</condition>
        <price>399</price>
		<producttype>Smart Watch</producttype>
		<image>sw1.jpg</image>
		<discount>10</discount>
		<rebate>yes</rebate>
		<sale>yes</sale>
		<quantity>45</quantity>
    </smartwatch>
    
</SmartWatchCatalog>
<SpeakerCatalog>
    <speaker id="092" retailer="JBL">
        <productname>JBL 1</productname>
        <condition>New</condition>
        <price>199</price>
		<producttype>Speakers</producttype>
		<image>speaker1.jpg</image>
		<discount>10</discount>
		<rebate>yes</rebate>
		<sale>yes</sale>
		<quantity>78</quantity>
    </speaker>
	<speaker id="093" retailer="JBL">
        <productname>JBL 2</productname>
        <condition>New</condition>
        <price>299</price>
		<producttype>Speakers</producttype>
		<image>speaker1.jpg</image>
		<discount>10</discount>
		<rebate>yes</rebate>
		<sale>yes</sale>
		<quantity>78</quantity>
    </speaker>
	<speaker id="094" retailer="JBL">
        <productname>JBL 3</productname>
        <condition>New</condition>
        <price>399</price>
		<producttype>Speakers</producttype>
		<image>speaker1.jpg</image>
		<discount>10</discount>
		<rebate>yes</rebate>
		<sale>yes</sale>
		<quantity>78</quantity>
    </speaker>
	<speaker id="095" retailer="JBL">
        <productname>JBL 4</productname>
        <condition>New</condition>
        <price>429</price>
		<producttype>Speakers</producttype>
		<image>speaker1.jpg</image>
		<discount>10</discount>
		<rebate>yes</rebate>
		<sale>yes</sale>
		<quantity>78</quantity>
    </speaker>
	<speaker id="096" retailer="JBL">
        <productname>JBL 5</productname>
        <condition>New</condition>
        <price>599</price>
		<producttype>Speakers</producttype>
		<image>speaker1.jpg</image>
		<discount>10</discount>
		<rebate>yes</rebate>
		<sale>yes</sale>
		<quantity>78</quantity>
    </speaker>
	<speaker id="097" retailer="Bose">
        <productname>Bose 1</productname>
        <condition>New</condition>
        <price>799</price>
		<producttype>Speakers</producttype>
		<image>speaker1.jpg</image>
		<discount>10</discount>
		<rebate>yes</rebate>
		<sale>yes</sale>
		<quantity>78</quantity>
    </speaker>
	<speaker id="098" retailer="Bose">
        <productname>Bose 2</productname>
        <condition>New</condition>
        <price>899</price>
		<producttype>Speakers</producttype>
		<image>speaker1.jpg</image>
		<discount>10</discount>
		<rebate>yes</rebate>
		<sale>yes</sale>
		<quantity>78</quantity>
    </speaker>
	<speaker id="099" retailer="Bose">
        <productname>Bose 3</productname>
        <condition>New</condition>
        <price>999</price>
		<producttype>Speakers</producttype>
		<image>speaker1.jpg</image>
		<discount>10</discount>
		<rebate>yes</rebate>
		<sale>yes</sale>
		<quantity>78</quantity>
    </speaker>
	<speaker id="100" retailer="Bose">
        <productname>BOSE 4</productname>
        <condition>New</condition>
        <price>1099</price>
		<producttype>Speakers</producttype>
		<image>speaker1.jpg</image>
		<discount>10</discount>
		<rebate>yes</rebate>
		<sale>yes</sale>
		<quantity>78</quantity>
    </speaker>
	<speaker id="101" retailer="Bose">
        <productname>Bose 5</productname>
        <condition>New</condition>
        <price>1199</price>
		<producttype>Speakers</producttype>
		<image>speaker1.jpg</image>
		<discount>10</discount>
		<rebate>yes</rebate>
		<sale>yes</sale>
		<quantity>78</quantity>
    </speaker>
</SpeakerCatalog>
<AccessoryCatalog>
    <accessory id="001" retailer="Apple">
        <productname>Apple Mouse</productname>
        <condition>New</condition>
        <price>199</price>
		<producttype>Mouse</producttype>
		<image>mouse1.jpg</image>
		<discount>10</discount>
		<rebate>yes</rebate>
		<sale>yes</sale>
		<quantity>20</quantity>
    </accessory>
	<accessory id="002" retailer="Apple">
        <productname>Apple Pen</productname>
        <condition>New</condition>
        <price>299</price>
		<producttype>Pen</producttype>
		<image>pen1.jpg</image>
		<discount>10</discount>
		<rebate>yes</rebate>
		<sale>yes</sale>
		<quantity>20</quantity>
    </accessory>
	<accessory id="003" retailer="Apple">
        <productname>Apple Screen Guard</productname>
        <condition>New</condition>
        <price>399</price>
		<producttype>Screen Guard</producttype>
		<image>sg1.jpg</image>
		<discount>10</discount>
		<rebate>yes</rebate>
		<sale>yes</sale>
		<quantity>20</quantity>
    </accessory>
	<accessory id="004" retailer="Apple">
        <productname>Apple Sleeve</productname>
        <condition>New</condition>
        <price>429</price>
		<producttype>Sleeve</producttype>
		<image>sleeve1.jpg</image>
		<discount>10</discount>
		<rebate>yes</rebate>
		<sale>yes</sale>
		<quantity>20</quantity>
    </accessory>
	<accessory id="005" retailer="Apple">
        <productname>Apple TV</productname>
        <condition>New</condition>
        <price>599</price>
		<producttype>TV</producttype>
		<image>tv1.jpg</image>
		<discount>10</discount>
		<rebate>yes</rebate>
		<sale>yes</sale>
		<quantity>20</quantity>
    </accessory>
	<accessory id="006" retailer="Apple">
        <productname>Apple Earpods</productname>
        <condition>New</condition>
        <price>799</price>
		<producttype>Earpods</producttype>
		<image>earpods1.jpg</image>
		<discount>10</discount>
		<rebate>yes</rebate>
		<sale>yes</sale>
		<quantity>20</quantity>
    </accessory>
	<accessory id="007" retailer="Apple">
        <productname>Apple Extensions</productname>
        <condition>New</condition>
        <price>899</price>
		<producttype>Extension</producttype>
		<image>extenison1.jpg</image>
		<discount>10</discount>
		<rebate>yes</rebate>
		<sale>yes</sale>
		<quantity>20</quantity>
    </accessory>
	<accessory id="008" retailer="Dell">
        <productname>Dell Mouse</productname>
        <condition>New</condition>
        <price>999</price>
		<producttype>Mouse</producttype>
		<image>mouse1.jpg</image>
		<discount>10</discount>
		<rebate>yes</rebate>
		<sale>yes</sale>
		<quantity>20</quantity>
    </accessory>
	<accessory id="009" retailer="Dell">
        <productname>Dell Pen</productname>
        <condition>New</condition>
        <price>1099</price>
		<producttype>Pen</producttype>
		<image>pen1.jpg</image>
		<discount>10</discount>
		<rebate>yes</rebate>
		<sale>yes</sale>
		<quantity>20</quantity>
    </accessory>
	<accessory id="010" retailer="Dell">
        <productname>Dell Screen Guard</productname>
        <condition>New</condition>
        <price>1199</price>
		<producttype>Screen Guard</producttype>
		<image>sg1.jpg</image>
		<discount>10</discount>
		<rebate>yes</rebate>
		<sale>yes</sale>
		<quantity>20</quantity>
    </accessory>
	<accessory id="011" retailer="Dell">
        <productname>Dell TV</productname>
        <condition>New</condition>
        <price>1199</price>
		<producttype>TV</producttype>
		<image>tv1.jpg</image>
		<discount>10</discount>
		<rebate>yes</rebate>
		<sale>yes</sale>
		<quantity>20</quantity>
    </accessory>
	<accessory id="012" retailer="Dell">
        <productname>Dell Earpods</productname>
        <condition>New</condition>
        <price>1199</price>
		<producttype>Earpods</producttype>
		<image>earpods1.jpg</image>
		<discount>10</discount>
		<rebate>yes</rebate>
		<sale>yes</sale>
		<quantity>20</quantity>
    </accessory>
	<accessory id="013" retailer="Dell">
        <productname>Dell Extensions</productname>
        <condition>New</condition>
        <price>1199</price>
		<producttype>Extensions</producttype>
		<image>extenison1.jpg</image>
		<discount>10</discount>
		<rebate>yes</rebate>
		<sale>yes</sale>
		<quantity>20</quantity>
    </accessory>
	<accessory id="014" retailer="Samsung">
        <productname>Samsung Mouse</productname>
        <condition>New</condition>
        <price>1199</price>
		<producttype>Mouse</producttype>
		<image>mouse1.jpg</image>
		<discount>10</discount>
		<rebate>yes</rebate>
		<sale>yes</sale>
		<quantity>20</quantity>
    </accessory>
	<accessory id="015" retailer="Samsung">
        <productname>Samsung Pen</productname>
        <condition>New</condition>
        <price>1199</price>
		<producttype>Pen</producttype>
		<image>pen1.jpg</image>
		<discount>10</discount>
		<rebate>yes</rebate>
		<sale>yes</sale>
		<quantity>20</quantity>
    </accessory>
	<accessory id="016" retailer="Samsung">
        <productname>Samsung Screen Guard</productname>
        <condition>New</condition>
        <price>1199</price>
		<producttype>Screen Guard</producttype>
		<image>sg1.jpg</image>
		<discount>10</discount>
		<rebate>yes</rebate>
		<sale>yes</sale>
		<quantity>20</quantity>
    </accessory>
	<accessory id="017" retailer="Samsung">
        <productname>Samsung Sleeve</productname>
        <condition>New</condition>
        <price>1199</price>
		<producttype>Sleeve</producttype>
		<image>sleeve1.jpg</image>
		<discount>10</discount>
		<rebate>yes</rebate>
		<sale>yes</sale>
		<quantity>20</quantity>
    </accessory>
	<accessory id="018" retailer="Samsung">
        <productname>Samsung TV</productname>
        <condition>New</condition>
        <price>1199</price>
		<producttype>TV</producttype>
		<image>tv1.jpg</image>
		<discount>10</discount>
		<rebate>yes</rebate>
		<sale>yes</sale>
		<quantity>20</quantity>
    </accessory>
	<accessory id="019" retailer="Samsung">
        <productname>Samsung Earpods</productname>
        <condition>New</condition>
        <price>1199</price>
		<producttype>Earpods</producttype>
		<image>earpods1.jpg</image>
		<discount>10</discount>
		<rebate>yes</rebate>
		<sale>yes</sale>
		<quantity>20</quantity>
    </accessory>
	<accessory id="020" retailer="Samsung">
        <productname>Samsung Extensions</productname>
        <condition>New</condition>
        <price>1199</price>
		<producttype>Extension</producttype>
		<image>extension1.jpg</image>
		<discount>10</discount>
		<rebate>yes</rebate>
		<sale>yes</sale>
		<quantity>20</quantity>
    </accessory>
	<accessory id="021" retailer="Asus">
        <productname>Asus Mouse</productname>
        <condition>New</condition>
        <price>1199</price>
		<producttype>Mouse</producttype>
		<image>mouse1.jpg</image>
		<discount>10</discount>
		<rebate>no</rebate>
		<sale>no</sale>
		<quantity>10</quantity>
    </accessory>
	<accessory id="022" retailer="Asus">
        <productname>Asus Pen</productname>
        <condition>New</condition>
        <price>1199</price>
		<producttype>Pen</producttype>
		<image>pen1.jpg</image>
		<discount>10</discount>
		<rebate>no</rebate>
		<sale>no</sale>
		<quantity>10</quantity>
    </accessory>
	<accessory id="023" retailer="Asus">
        <productname>Asus Screen Guard</productname>
        <condition>New</condition>
        <price>1199</price>
		<producttype>Screen Guard</producttype>
		<image>sg1.jpg</image>
		<discount>10</discount>
		<rebate>no</rebate>
		<sale>no</sale>
		<quantity>10</quantity>
    </accessory>
	<accessory id="024" retailer="Asus">
        <productname>Asus Sleeve</productname>
        <condition>New</condition>
        <price>1199</price>
		<producttype>Sleeve</producttype>
		<image>sleeve1.jpg</image>
		<discount>10</discount>
		<rebate>no</rebate>
		<sale>no</sale>
		<quantity>10</quantity>
    </accessory>
	<accessory id="025" retailer="Asus">
        <productname>Asus TV</productname>
        <condition>New</condition>
        <price>1199</price>
		<producttype>TV</producttype>
		<image>tv1.jpg</image>
		<discount>10</discount>
		<rebate>no</rebate>
		<sale>no</sale>
		<quantity>10</quantity>
    </accessory>
	<accessory id="026" retailer="Asus">
        <productname>Asus Earpods</productname>
        <condition>New</condition>
        <price>1199</price>
		<producttype>Earpods</producttype>
		<image>earpods1.jpg</image>
		<discount>10</discount>
		<rebate>no</rebate>
		<sale>no</sale>
		<quantity>10</quantity>
    </accessory>
	<accessory id="027" retailer="Asus">
        <productname>Asus Extensions</productname>
        <condition>New</condition>
        <price>1199</price>
		<producttype>Extension</producttype>
		<image>extenison1.jpg</image>
		<discount>10</discount>
		<rebate>no</rebate>
		<sale>no</sale>
		<quantity>10</quantity>
    </accessory>
	<accessory id="028" retailer="Microsoft">
        <productname>Microsoft Mouse</productname>
        <condition>New</condition>
        <price>1199</price>
		<producttype>Mouse</producttype>
		<image>mouse1.jpg</image>
		<discount>10</discount>
		<rebate>no</rebate>
		<sale>no</sale>
		<quantity>10</quantity>
    </accessory>
	<accessory id="029" retailer="Microsoft">
        <productname>Microsoft Pen</productname>
        <condition>New</condition>
        <price>1199</price>
		<producttype>Pen</producttype>
		<image>pen1.jpg</image>
		<discount>10</discount>
		<rebate>no</rebate>
		<sale>no</sale>
		<quantity>10</quantity>
    </accessory>
	<accessory id="030" retailer="Microsoft">
        <productname>Micrsoft Screen Guard</productname>
        <condition>New</condition>
        <price>1199</price>
		<producttype>Screen Guard</producttype>
		<image>sg1.jpg</image>
		<discount>10</discount>
		<rebate>no</rebate>
		<sale>no</sale>
		<quantity>10</quantity>
    </accessory>
	<accessory id="031" retailer="Microsoft">
        <productname>Microsoft Sleeve</productname>
        <condition>New</condition>
        <price>1199</price>
		<producttype>Sleeve</producttype>
		<image>sleeve1.jpg</image>
		<discount>10</discount>
		<rebate>no</rebate>
		<sale>no</sale>
		<quantity>10</quantity>
    </accessory>
	<accessory id="032" retailer="Microsoft">
        <productname>Microsoft TV</productname>
        <condition>New</condition>
        <price>1199</price>
		<producttype>TV</producttype>
		<image>tv1.jpg</image>
		<discount>10</discount>
		<rebate>no</rebate>
		<sale>no</sale>
		<quantity>10</quantity>
    </accessory>
	<accessory id="033" retailer="Microsoft">
        <productname>Microsoft Earpods</productname>
        <condition>New</condition>
        <price>1199</price>
		<producttype>Earpods</producttype>
		<image>earpods1.jpg</image>
		<discount>10</discount>
		<rebate>no</rebate>
		<sale>no</sale>
		<quantity>10</quantity>
    </accessory>
	<accessory id="034" retailer="Microsoft">
        <productname>Microsoft Extensions</productname>
        <condition>New</condition>
        <price>1199</price>
		<producttype>Extension</producttype>
		<image>extension1.jpg</image>
		<discount>10</discount>
		<rebate>no</rebate>
		<sale>no</sale>
		<quantity>10</quantity>
    </accessory>
	<accessory id="035" retailer="HP">
        <productname>HP Mouse</productname>
        <condition>New</condition>
        <price>1199</price>
		<producttype>Mouse</producttype>
		<image>mouse1.jpg</image>
		<discount>10</discount>
		<rebate>no</rebate>
		<sale>no</sale>
		<quantity>10</quantity>
    </accessory>
	<accessory id="036" retailer="HP">
        <productname>HP Pen</productname>
        <condition>New</condition>
        <price>1199</price>
		<producttype>Pen</producttype>
		<image>pen1.jpg</image>
		<discount>10</discount>
		<rebate>no</rebate>
		<sale>no</sale>
		<quantity>10</quantity>
    </accessory>
	<accessory id="037" retailer="HP">
        <productname>HP Screen Guard</productname>
        <condition>New</condition>
        <price>1199</price>
		<producttype>Screen Guard</producttype>
		<image>sg1.jpg</image>
		<discount>10</discount>
		<rebate>no</rebate>
		<sale>no</sale>
		<quantity>10</quantity>
    </accessory>
	<accessory id="038" retailer="HP">
        <productname>HP Sleeve</productname>
        <condition>New</condition>
        <price>1199</price>
		<producttype>Sleeve</producttype>
		<image>sleeve1.jpg</image>
		<discount>10</discount>
		<rebate>no</rebate>
		<sale>no</sale>
		<quantity>10</quantity>
    </accessory>
	<accessory id="039" retailer="HP">
        <productname>HP TV</productname>
        <condition>New</condition>
        <price>1199</price>
		<producttype>TV</producttype>
		<image>tv1.jpg</image>
		<discount>10</discount>
		<rebate>no</rebate>
		<sale>no</sale>
		<quantity>10</quantity>
    </accessory>
	<accessory id="040" retailer="HP">
        <productname>HP Earpods</productname>
        <condition>New</condition>
        <price>1199</price>
		<producttype>Earpods</producttype>
		<image>earpods1.jpg</image>
		<discount>10</discount>
		<rebate>no</rebate>
		<sale>no</sale>
		<quantity>10</quantity>
    </accessory>
	<accessory id="041" retailer="HP">
        <productname>HP Extensions</productname>
        <condition>New</condition>
        <price>1199</price>
		<producttype>Extension</producttype>
		<image>extension1.jpg</image>
		<discount>10</discount>
		<rebate>no</rebate>
		<sale>no</sale>
		<quantity>10</quantity>
    </accessory>
</AccessoryCatalog>
</ProductCatalog>